{
  "name" : "IICS-CLI-2020-11-04T12:55:07Z",
  "sourceOrgId" : "lEwfMBlFfUtgcGXBrAkPWE",
  "sourceOrgName" : "UST Global",
  "exportedObjects" : [ {
    "objectGuid" : "1tVMZJ4wcSUggTtydHsTwh",
    "objectName" : "MappingTask1",
    "objectType" : "MTT",
    "path" : "/Explore/Project_Folder_1",
    "metadata" : {
      "modelVersion" : {
        "major" : 0,
        "minor" : 0
      },
      "repoInfo" : {
        "repoHandle" : "010GEU0Z000000000002"
      },
      "objectRefs" : [ "4eu6pr012mmc68TIhNYnIN", "2lJOrp5wdknkuCsTCyTvoX", "glWRhKbKwgQbQsUmBHfIs5" ],
      "contextAttributes" : [ {
        "name" : "id",
        "value" : "@1"
      } ],
      "additionalInfo" : {
        "description" : "",
        "contentType" : "JSON",
        "documentState" : "VALID"
      }
    }
  }, {
    "objectGuid" : "0DNMNBaj3S5bVA2jnb2XK0",
    "objectName" : "tf_sample_Task_Flow_1",
    "objectType" : "WORKFLOW",
    "path" : "/Explore/Project_Folder_1",
    "metadata" : {
      "modelVersion" : {
        "major" : 0,
        "minor" : 0
      },
      "repoInfo" : {
        "repoHandle" : "010GEU0N000000000002"
      },
      "objectRefs" : [ "1tVMZJ4wcSUggTtydHsTwh" ],
      "contextAttributes" : [ {
        "name" : "id",
        "value" : "@1"
      } ],
      "additionalInfo" : {
        "description" : null,
        "contentType" : "JSON",
        "documentState" : "VALID"
      }
    }
  }, {
    "objectGuid" : "4eu6pr012mmc68TIhNYnIN",
    "objectName" : "Informatica Cloud Hosted Agent",
    "objectType" : "AgentGroup",
    "path" : "/SYS",
    "metadata" : {
      "modelVersion" : {
        "major" : 0,
        "minor" : 0
      },
      "repoInfo" : {
        "repoHandle" : "025000000000002"
      },
      "objectRefs" : [ ],
      "contextAttributes" : null,
      "additionalInfo" : {
        "description" : "",
        "contentType" : "JSON",
        "documentState" : "VALID"
      }
    }
  }, {
    "objectGuid" : "2lJOrp5wdknkuCsTCyTvoX",
    "objectName" : "m_Sample_mapping_1",
    "objectType" : "DTEMPLATE",
    "path" : "/Explore/Project_Folder_1",
    "metadata" : {
      "modelVersion" : {
        "major" : 0,
        "minor" : 0
      },
      "repoInfo" : {
        "repoHandle" : "010GEU17000000000002"
      },
      "objectRefs" : [ "glWRhKbKwgQbQsUmBHfIs5" ],
      "contextAttributes" : [ {
        "name" : "id",
        "value" : "@1"
      } ],
      "additionalInfo" : {
        "description" : "",
        "contentType" : "JSON",
        "documentState" : "VALID"
      }
    }
  }, {
    "objectGuid" : "9IG00gvGxA3juALOlta3mL",
    "objectName" : "Project_Folder_1",
    "objectType" : "Project",
    "path" : "/Explore",
    "metadata" : {
      "modelVersion" : {
        "major" : 0,
        "minor" : 0
      },
      "repoInfo" : null,
      "objectRefs" : [ ],
      "contextAttributes" : [ ],
      "additionalInfo" : {
        "description" : "",
        "contentType" : "Binary",
        "documentState" : "COMPLETE"
      }
    }
  }, {
    "objectGuid" : "glWRhKbKwgQbQsUmBHfIs5",
    "objectName" : "Sample CSV Connection",
    "objectType" : "Connection",
    "path" : "/SYS",
    "metadata" : {
      "modelVersion" : {
        "major" : 0,
        "minor" : 0
      },
      "repoInfo" : {
        "repoHandle" : "010GEU0B000000000002"
      },
      "objectRefs" : [ "4eu6pr012mmc68TIhNYnIN" ],
      "contextAttributes" : [ {
        "name" : "id",
        "value" : "@1"
      } ],
      "additionalInfo" : {
        "description" : null,
        "contentType" : "JSON",
        "documentState" : "COMPLETE"
      }
    }
  } ]
}